{"cameraMode":{"drawMode":0,"name":"Shaded","section":"Shading Mode"},"sceneLighting":false,"audioPlay":false,"sceneViewState":{"showFog":true,"showMaterialUpdate":false,"showSkybox":true,"showFlares":true,"showImageEffects":true,"showParticleSystems":true},"in2DMode":false,"pivot":{"x":-6.624908447265625,"y":-0.42294180393218996,"z":-3.9245986938476564},"rotation":{"x":-0.24251236021518708,"y":0.10077431052923203,"z":-0.02533619850873947,"w":-0.9645674824714661},"size":5.29451847076416,"orthographic":false}