{"cameraMode":{"drawMode":0,"name":"Shaded","section":"Shading Mode"},"sceneLighting":false,"audioPlay":false,"sceneViewState":{"showFog":true,"showMaterialUpdate":false,"showSkybox":true,"showFlares":true,"showImageEffects":true,"showParticleSystems":true},"in2DMode":false,"pivot":{"x":1.1893373727798463,"y":-1.4202911853790284,"z":-1.3499755859375},"rotation":{"x":0.07138531655073166,"y":0.15495699644088746,"z":-0.011227454990148545,"w":0.9852748513221741},"size":6.990012168884277,"orthographic":true}