{"cameraMode":{"drawMode":0,"name":"Shaded","section":"Shading Mode"},"sceneLighting":false,"audioPlay":false,"sceneViewState":{"showFog":true,"showMaterialUpdate":false,"showSkybox":true,"showFlares":true,"showImageEffects":true,"showParticleSystems":true},"in2DMode":false,"pivot":{"x":-1.7282578945159913,"y":-0.18880176544189454,"z":-1.6729859113693238},"rotation":{"x":0.6268903017044067,"y":0.058267392218112949,"z":-0.047102414071559909,"w":0.7754965424537659},"size":3.6392712593078615,"orthographic":false}