{"cameraMode":{"drawMode":0,"name":"Shaded","section":"Shading Mode"},"sceneLighting":false,"audioPlay":false,"sceneViewState":{"showFog":true,"showMaterialUpdate":false,"showSkybox":true,"showFlares":true,"showImageEffects":true,"showParticleSystems":true},"in2DMode":false,"pivot":{"x":0.4321972131729126,"y":-2.1511549949645998,"z":-0.12376627326011658},"rotation":{"x":-0.2277449369430542,"y":-0.019865013659000398,"z":0.004647230729460716,"w":-0.9735071063041687},"size":8.21918773651123,"orthographic":false}