{"cameraMode":{"drawMode":0,"name":"Shaded","section":"Shading Mode"},"sceneLighting":false,"audioPlay":false,"sceneViewState":{"showFog":true,"showMaterialUpdate":false,"showSkybox":true,"showFlares":true,"showImageEffects":true,"showParticleSystems":true},"in2DMode":false,"pivot":{"x":-6.6519036293029789,"y":-0.4813467264175415,"z":-3.806152820587158},"rotation":{"x":0.16602642834186555,"y":-0.017753854393959047,"z":0.0029881331138312818,"w":0.9859569668769836},"size":5.095449924468994,"orthographic":true}