{"cameraMode":{"drawMode":0,"name":"Shaded","section":"Shading Mode"},"sceneLighting":false,"audioPlay":false,"sceneViewState":{"showFog":true,"showMaterialUpdate":false,"showSkybox":true,"showFlares":true,"showImageEffects":true,"showParticleSystems":true},"in2DMode":false,"pivot":{"x":-808.2420654296875,"y":76.62200927734375,"z":0.0},"rotation":{"x":-0.12150847166776657,"y":-0.002384970663115382,"z":0.0002919137477874756,"w":-0.9925875067710877},"size":6500.80224609375,"orthographic":false}