{"cameraMode":{"drawMode":0,"name":"Shaded","section":"Shading Mode"},"sceneLighting":false,"audioPlay":false,"sceneViewState":{"showFog":true,"showMaterialUpdate":false,"showSkybox":true,"showFlares":true,"showImageEffects":true,"showParticleSystems":true},"in2DMode":false,"pivot":{"x":-0.20962423086166383,"y":-1.2774577140808106,"z":1.529096245765686},"rotation":{"x":-0.2406204789876938,"y":0.00029133560019545257,"z":-0.00007188500603660941,"w":-0.970619261264801},"size":5.708736419677734,"orthographic":false}