{"cameraMode":{"drawMode":0,"name":"Shaded","section":"Shading Mode"},"sceneLighting":false,"audioPlay":false,"sceneViewState":{"showFog":true,"showMaterialUpdate":false,"showSkybox":true,"showFlares":true,"showImageEffects":true,"showParticleSystems":true},"in2DMode":false,"pivot":{"x":-1.9913935661315919,"y":-1.2853611707687379,"z":-0.06999973952770233},"rotation":{"x":-0.42139047384262087,"y":0.009794182144105435,"z":-0.0045509254559874538,"w":-0.9068150520324707},"size":3.022963285446167,"orthographic":false}