{"cameraMode":{"drawMode":0,"name":"Shaded","section":"Shading Mode"},"sceneLighting":false,"audioPlay":false,"sceneViewState":{"showFog":true,"showMaterialUpdate":false,"showSkybox":true,"showFlares":true,"showImageEffects":true,"showParticleSystems":true},"in2DMode":false,"pivot":{"x":-6.765925407409668,"y":-1.303414225578308,"z":-4.484363555908203},"rotation":{"x":-0.24352654814720155,"y":0.006110411137342453,"z":-0.0015339312376454473,"w":-0.96987384557724},"size":5.095449924468994,"orthographic":false}