{"cameraMode":{"drawMode":0,"name":"Shaded","section":"Shading Mode"},"sceneLighting":false,"audioPlay":false,"sceneViewState":{"showFog":true,"showMaterialUpdate":false,"showSkybox":true,"showFlares":true,"showImageEffects":true,"showParticleSystems":true},"in2DMode":false,"pivot":{"x":-0.9300000071525574,"y":-0.12999990582466126,"z":1.1399999856948853},"rotation":{"x":-0.2289341539144516,"y":0.013433127664029599,"z":-0.0031591891311109068,"w":-0.9733441472053528},"size":3.543248176574707,"orthographic":false}