{"cameraMode":{"drawMode":0,"name":"Shaded","section":"Shading Mode"},"sceneLighting":false,"audioPlay":false,"sceneViewState":{"showFog":true,"showMaterialUpdate":false,"showSkybox":true,"showFlares":true,"showImageEffects":true,"showParticleSystems":true},"in2DMode":false,"pivot":{"x":-2.8396525382995607,"y":-1.5134937763214112,"z":-2.0609443187713625},"rotation":{"x":-0.08018074184656143,"y":-0.6132261157035828,"z":0.06277032941579819,"w":-0.783316433429718},"size":9.944388389587403,"orthographic":false}