{"cameraMode":{"drawMode":0,"name":"Shaded","section":"Shading Mode"},"sceneLighting":true,"audioPlay":false,"sceneViewState":{"showFog":true,"showMaterialUpdate":false,"showSkybox":true,"showFlares":true,"showImageEffects":true,"showParticleSystems":true},"in2DMode":false,"pivot":{"x":2.360128402709961,"y":1.2441208362579346,"z":5.267442226409912},"rotation":{"x":0.16491903364658357,"y":-0.786989152431488,"z":0.23828725516796113,"w":0.5446733832359314},"size":7.877498626708984,"orthographic":false}