{"cameraMode":{"drawMode":0,"name":"Shaded","section":"Shading Mode"},"sceneLighting":false,"audioPlay":false,"sceneViewState":{"showFog":true,"showMaterialUpdate":false,"showSkybox":true,"showFlares":true,"showImageEffects":true,"showParticleSystems":true},"in2DMode":false,"pivot":{"x":-6.42010498046875,"y":0.035608235746622089,"z":-3.77156400680542},"rotation":{"x":-0.22588589787483216,"y":0.03535288944840431,"z":-0.008202954195439816,"w":-0.9734775424003601},"size":5.995450496673584,"orthographic":false}