{"cameraMode":{"drawMode":0,"name":"Shaded","section":"Shading Mode"},"sceneLighting":false,"audioPlay":false,"sceneViewState":{"showFog":true,"showMaterialUpdate":false,"showSkybox":true,"showFlares":true,"showImageEffects":true,"showParticleSystems":true},"in2DMode":false,"pivot":{"x":-6.277122497558594,"y":-0.5157973766326904,"z":-2.5284781455993654},"rotation":{"x":-0.31686118245124819,"y":0.021622812375426294,"z":-0.0072253914549946789,"w":-0.9481979012489319},"size":6.284242630004883,"orthographic":false}