{"cameraMode":{"drawMode":0,"name":"Shaded","section":"Shading Mode"},"sceneLighting":false,"audioPlay":false,"sceneViewState":{"showFog":true,"showMaterialUpdate":false,"showSkybox":true,"showFlares":true,"showImageEffects":true,"showParticleSystems":true},"in2DMode":false,"pivot":{"x":3.4500696659088136,"y":1.5179369449615479,"z":0.35745126008987429},"rotation":{"x":-0.3646601736545563,"y":0.03239430859684944,"z":-0.012695014476776123,"w":-0.9304904341697693},"size":6.387392520904541,"orthographic":false}