{"cameraMode":{"drawMode":0,"name":"Shaded","section":"Shading Mode"},"sceneLighting":false,"audioPlay":false,"sceneViewState":{"showFog":true,"showMaterialUpdate":false,"showSkybox":true,"showFlares":true,"showImageEffects":true,"showParticleSystems":true},"in2DMode":false,"pivot":{"x":0.0,"y":-0.8530774116516113,"z":4.76837158203125e-7},"rotation":{"x":-0.24643102288246156,"y":-0.005814622156322002,"z":0.001478736405260861,"w":-0.9691417813301086},"size":28.724958419799806,"orthographic":false}