{"cameraMode":{"drawMode":0,"name":"Shaded","section":"Shading Mode"},"sceneLighting":true,"audioPlay":false,"sceneViewState":{"showFog":true,"showMaterialUpdate":false,"showSkybox":true,"showFlares":true,"showImageEffects":true,"showParticleSystems":true},"in2DMode":false,"pivot":{"x":7.405086517333984,"y":-13.501333236694336,"z":-1.059598445892334},"rotation":{"x":-0.36406394839286806,"y":-0.5519405603408814,"z":0.290511816740036,"w":-0.6916804909706116},"size":19.933555603027345,"orthographic":false}