{"cameraMode":{"drawMode":0,"name":"Shaded","section":"Shading Mode"},"sceneLighting":false,"audioPlay":false,"sceneViewState":{"showFog":true,"showMaterialUpdate":false,"showSkybox":true,"showFlares":true,"showImageEffects":true,"showParticleSystems":true},"in2DMode":false,"pivot":{"x":-6.6519036293029789,"y":-0.4813467264175415,"z":-3.6304526329040529},"rotation":{"x":-0.24643102288246156,"y":-0.005814622156322002,"z":0.001478736405260861,"w":-0.9691417813301086},"size":5.08424186706543,"orthographic":false}